cutoff_date,rank,ticker,company,cik,total_score,selected_top_10,indicator_Return on equity,indicator_Net profit margin,indicator_Margin consistency,indicator_Liabilities to assets,indicator_Positive free cash flow,indicator_Revenue growth,indicator_Earnings growth,points_Return on equity,points_Net profit margin,points_Margin consistency,points_Liabilities to assets,points_Positive free cash flow,points_Revenue growth,points_Earnings growth
2022-09-10,1,FAST,FASTENAL CO,815556,100,True,0.320324133393358,0.15388710509241543,0.008065767630643489,0.29234705745522216,5,0.08169888079730314,0.12445175304167577,20,15,10,15,20,10,10
2022-09-10,2,GRMN,GARMIN LTD,1121788,100,True,0.1861005006330461,0.21718734164259215,0.01596519121129176,0.22156523957762927,5,0.12402335017031252,0.11151224545632377,20,15,10,15,20,10,10
2022-09-10,3,INTU,INTUIT INC.,896878,100,True,0.15705055112124666,0.16234480590916234,0.026501486430755936,0.40718973101608136,5,0.20554580712099213,0.11660954010083024,20,15,10,15,20,10,10
2022-09-10,4,MPWR,"Monolithic Power Systems, Inc.",1280452,100,True,0.2189686651237779,0.20038367342883495,0.02177276469928917,0.2155597244336544,5,0.2654929139801576,0.38802492678852185,20,15,10,15,20,10,10
2022-09-10,5,ADBE,ADOBE INC.,796343,95,True,0.3436798403478137,0.3054798859676908,0.05989554765985386,0.4568114239565361,5,0.21257343589279176,0.2989169925927204,20,15,5,15,20,10,10
2022-09-10,6,GOOGL,Alphabet Inc.,1652044,95,True,0.3206932403164206,0.2951167728237792,0.057782600378003576,0.2995897213222441,5,0.23470508513657284,0.5653986478449284,20,15,5,15,20,10,10
2022-09-10,7,DHR,DANAHER CORPORATION,313616,95,True,0.15148411100514522,0.21841578107493295,0.030684383320955275,0.4570229851894595,5,0.1258837348223465,0.26754101631880833,20,15,5,15,20,10,10
2022-09-10,8,ISRG,"Intuitive Surgical, Inc.",1035267,95,True,0.15759548089457578,0.29852366858724017,0.037820630354131635,0.1182958317963851,5,0.16142394067370547,0.26252844913251305,20,15,5,15,20,10,10
2022-09-10,9,MA,Mastercard Incorporated,1141391,95,True,0.43274772585237137,0.3733525041936257,0.03936204173327768,0.4737396433085241,5,0.131093071432979,0.20805937705108435,20,15,5,15,20,10,10
2022-09-10,10,META,"Meta Platforms, Inc.",1326801,95,True,0.3110175416421442,0.3338449405998525,0.04887078134413516,0.24765794911649708,5,0.30506458322664076,0.2537477033895732,20,15,5,15,20,10,10
2022-09-10,11,TER,"TERADYNE, INC.",97210,95,False,0.42545217888306897,0.27399989359636456,0.0525511393923511,0.32694409261240215,5,0.14737089193302988,0.4086311996801517,20,15,5,15,20,10,10
2022-09-10,12,AMAT,APPLIED MATERIALS INC /DE,6951,93,False,0.5159255202628696,0.25530069808784633,0.02906546010066565,0.5257696030977734,5,0.1192172341896598,0.1373316726123075,20,15,10,8,20,10,10
2022-09-10,13,LRCX,LAM RESEARCH CORPORATION,707549,93,False,0.7484890156103496,0.2673289356342666,0.022521976146026648,0.6348859989560139,5,0.11672731718654616,0.17933951444143803,20,15,10,8,20,10,10
2022-09-10,14,ANET,"Arista Networks, Inc.",1596532,90,False,0.23040596167280755,0.2852250497534461,0.06574013325661383,0.30619072971345535,5,0.15681392169604869,0.1872535512985618,20,15,0,15,20,10,10
2022-09-10,15,REGN,"REGENERON PHARMACEUTICALS, INC.",872589,90,False,0.5420737662825862,0.5024546252107742,0.10891931264352016,0.2620818720807712,5,0.2862184808517372,0.6111284132757937,20,15,0,15,20,10,10
2022-09-10,16,TXN,TEXAS INSTRUMENTS INCORPORATED,97476,90,False,0.6899644760213144,0.42351722634103794,0.05925967149328813,0.4596774193548387,5,0.05228493939681256,0.20523111265807326,20,15,5,15,20,5,10
2022-09-10,17,VRTX,VERTEX PHARMACEUTICALS INC / MA,875320,90,False,0.2493346392147678,0.30921261089987323,0.19316929747417252,0.24809231341894658,5,0.32082723762654,0.7266837289397359,20,15,0,15,20,10,10
2022-09-10,18,ABT,ABBOTT LABORATORIES,1800,88,False,0.20619368384218353,0.16415554265815438,0.05015257722767525,0.5238842491621895,5,0.11984602679986378,0.9621879961444373,20,15,5,8,20,10,10
2022-09-10,19,CTAS,Cintas Corporation,723254,88,False,0.35327312882439404,0.1573319053546527,0.01453485319871007,0.5939496684527895,5,0.04940170127958532,0.10047380693741537,20,15,10,8,20,5,10
2022-09-10,20,APH,AMPHENOL CORPORATION,820313,86,False,0.2722364356672856,0.14626297546040473,0.020446283502510713,0.5654090364072378,5,0.11601660648613654,0.25052411301086774,20,8,10,8,20,10,10
2022-09-10,21,ACN,Accenture plc,1467373,86,False,0.3233950515726941,0.1168892313951079,0.008712220629994214,0.5476763707891007,5,0.08714368123204541,0.14429033451032525,20,8,10,8,20,10,10
2022-09-10,22,AAPL,Apple Inc.,320193,85,False,1.4744333444938449,0.2588179335569424,0.01862789745662272,0.8202574344305731,5,0.1239479843312854,0.182941307044741,20,15,10,0,20,10,10
2022-09-10,23,HEI,HEICO CORPORATION,46619,85,False,0.14339015772823083,0.16306101468524647,0.018292355632631322,0.2712323065898279,5,0.05173241392788541,0.13090848036904879,10,15,10,15,20,5,10
2022-09-10,24,PYPL,"PayPal Holdings, Inc.",1633917,85,False,0.19973171082259378,0.1643214693941902,0.02376839851135357,0.7133754600741395,5,0.17982151653381928,0.23450217819878993,20,15,10,0,20,10,10
2022-09-10,25,SNPS,SYNOPSYS INC,883241,85,False,0.14849555615605955,0.18018107161112729,0.048259035661868496,0.3945628900421148,5,0.11450960558139944,0.5346688934297612,10,15,5,15,20,10,10
2022-09-10,26,BMY,BRISTOL-MYERS SQUIBB COMPANY,14272,83,False,0.18962151610454397,0.15078150264093995,0.14980469362858345,0.6706185849936879,5,0.2223734433503055,0.6233943844763361,20,15,0,8,20,10,10
2022-09-10,27,DVN,DEVON ENERGY CORP/DE,1090012,83,False,0.4631596278916605,0.230460429297067,0.3162830889290048,0.5594768133174792,5,0.17057245358933537,0.33037277517296704,20,15,0,8,20,10,10
2022-09-10,28,MSFT,MICROSOFT CORPORATION,789019,83,False,0.47151330502706384,0.3668633681343622,0.07914230908029786,0.5435204473193729,5,0.1577407737204961,0.44744863003573343,20,15,0,8,20,10,10
2022-09-10,29,PG,The Procter & Gamble Company,80424,83,False,0.3171447933137565,0.18384526170077445,0.049513952723562606,0.6002491297522353,5,0.046597943273911424,0.108888674265885,20,15,5,8,20,5,10
2022-09-10,30,IDXX,IDEXX LABORATORIES INC /DE,874716,80,False,1.126777502117875,0.23165213226512738,0.03457308243247254,0.716891863336784,5,0.13042765590908867,0.29708401941407026,20,15,5,0,20,10,10
2022-09-10,31,KLAC,KLA CORP,319201,80,False,1.3901958712299156,0.360600216047034,0.05985654434997415,0.8889354428579049,5,0.22908086609455225,0.4264749105961154,20,15,5,0,20,10,10
2022-09-10,32,MCO,MOODY'S CORPORATION,1059556,80,False,1.0307262569832403,0.3560630427790286,0.03988193884539235,0.8013623978201635,5,0.10279406457132922,0.219511457030104,20,15,5,0,20,10,10
2022-09-10,33,CMG,"CHIPOTLE MEXICAN GRILL, INC.",1058090,78,False,0.3024818245891323,0.08652162742556341,0.01816180651245725,0.6546838263521279,5,0.13949376252334633,0.38736746445673886,20,0,10,8,20,10,10
2022-09-10,34,FIX,"COMFORT SYSTEMS USA, INC.",1035983,78,False,0.19086409314990063,0.0466379232934544,0.007810153906157202,0.6352990384380345,5,0.14505399545121667,0.26902919820187177,20,0,10,8,20,10,10
2022-09-10,35,COST,COSTCO WHOLESALE CORP /NEW,909832,78,False,0.2793461280964071,0.025555175599324246,0.001661188595177198,0.6949787406357563,5,0.11008494693663473,0.1692334178988253,20,0,10,8,20,10,10
2022-09-10,36,DE,DEERE & CO,315189,78,False,0.38019637847487886,0.13544884608395422,0.025374073439360798,0.7808450436312623,5,0.10304806134827826,0.2891487794164611,20,8,10,0,20,10,10
2022-09-10,37,MRK,"Merck & Co., Inc.",310158,78,False,0.41098565376923196,0.26792460578186594,0.07551897447016405,0.6387306753458096,5,0.04965242702099859,0.5279645249760108,20,15,0,8,20,5,10
2022-09-10,38,ADI,"Analog Devices, Inc.",6281,75,False,0.05562746368123999,0.18999284805212588,0.030190999647512994,0.2738715942646842,5,0.09408279061692837,0.14626909231096774,0,15,5,15,20,10,10
2022-09-10,39,FTNT,"FORTINET, INC.",1262039,75,False,0.7410392623801673,0.18155705822512117,0.06371388195951917,0.8651146289131794,5,0.22279899537105718,1.0966646886634663,20,15,0,0,20,10,10
2022-09-10,40,MU,"Micron Technology, Inc.",723125,75,False,0.1413498293721135,0.2115502616856163,0.11192191806988072,0.25346225084538393,5,0.08055761147180118,0.03594051317337743,10,15,0,15,20,10,5
2022-09-10,41,PAYX,"Paychex, Inc.",723531,75,False,0.37889122807017545,0.24634983209227623,0.0015148646907949927,0.7239273289524546,5,0.07073434222209984,0.06978085501850995,20,15,10,0,20,5,5
2022-09-10,42,AMZN,AMAZON COM INC,1018724,74,False,0.2880564992726064,0.07101412875514557,0.01776485097582265,0.6712749287241201,4,0.27485297781189333,0.8211739332412031,20,0,10,8,16,10,10
2022-09-10,43,CSCO,"CISCO SYSTEMS, INC.",858877,73,False,0.29148159115585826,0.22910565005721822,0.08860092963550698,0.5768919810216804,5,0.011100047529897905,2.219086807786308,20,15,0,8,20,0,10
2022-09-10,44,PFE,PFIZER INC,78003,73,False,0.31300422247381426,0.27038431256766066,0.07325399195201479,0.5731501686173378,5,0.11524861921977392,0.007781334185745115,20,15,0,8,20,10,0
2022-09-10,45,WMT,WALMART INC.,104169,73,False,0.166563120515538,0.0238723780191845,0.005212257313444775,0.6599975496201911,5,0.03436799823437431,0.08511234388267597,20,0,10,8,20,5,10
2022-09-10,46,NFLX,NETFLIX INC,1065280,72,False,0.3801839366217927,0.17227607499049427,0.04160788226204161,0.6445134507352899,1,0.2624157608106721,0.7393953777736588,20,15,5,8,4,10,10
2022-09-10,47,AMGN,Amgen Inc.,318154,70,False,0.7316406977466012,0.2268370607028754,0.09618867476723188,0.8904602305239925,5,0.03261590030233341,0.3136288011176478,20,15,0,0,20,5,10
2022-09-10,48,ROK,"Rockwell Automation, Inc.",1024478,70,False,0.7948147714636858,0.19408637493926315,0.0404245194917929,0.7767062869103686,5,0.026134924529300996,0.13247172131460072,20,15,5,0,20,0,10
2022-09-10,49,GILD,"GILEAD SCIENCES, INC.",882095,68,False,0.31702783224262177,0.22798022340230728,0.09050490333115728,0.6899429008712032,5,0.01127973129790294,0.07692758504140396,20,15,0,8,20,0,5
2022-09-10,50,CMCSA,COMCAST CORPORATION,1166691,66,False,0.15190837647185043,0.12165657086394295,0.06073597310225665,0.6517207009659122,5,0.08163936582263354,-0.11164938814278635,20,8,0,8,20,10,0
2022-09-10,51,KO,COCA COLA CO,21344,65,False,0.46200765993664,0.2527745440434614,0.08070754670674281,0.7562477478432287,5,0.016455315849065455,0.6727502635801783,20,15,0,0,20,0,10
2022-09-10,52,CVX,Chevron Corp,93410,65,False,0.1154179978209082,0.09617456067460683,0.05704687990481906,0.4157847496190536,5,0.03473856481771964,0.1417396230337209,10,0,5,15,20,5,10
2022-09-10,53,LMT,LOCKHEED MARTIN CORPORATION,936468,65,False,0.744079179922234,0.09419187399319849,0.024391769245078295,0.7845812120378197,5,0.0763025567147173,0.3392549610573816,20,0,10,0,20,5,10
2022-09-10,54,GWW,"W.W. Grainger, Inc.",277135,65,False,0.5634792004321988,0.08009522346797728,0.00900472907016757,0.7157160194174758,5,0.057183574447627006,0.15503906551206215,20,0,10,0,20,5,10
2022-09-10,55,WAB,WESTINGHOUSE AIR BRAKE TECHNOLOGIES CORPORATION,943452,65,False,0.05491045069868136,0.0713372538992585,0.011620288785655254,0.44516094071745965,5,0.1914448956202015,0.20769975191178935,0,0,10,15,20,10,10
2022-09-10,56,CL,COLGATE-PALMOLIVE COMPANY,21665,63,False,3.2041420118343193,0.12433270191148614,0.014784907689891269,0.935438829787234,5,0.030405203552413163,0.017096092959212106,20,8,10,0,20,5,0
2022-09-10,57,CVS,CVS HEALTH CORPORATION,64803,63,False,0.10950825119060804,0.027078747462437224,0.013271519474907265,0.6764750063304993,5,0.12129455114558074,0.045434497061972,10,0,10,8,20,10,5
2022-09-10,58,GD,GENERAL DYNAMICS CORPORATION,40533,63,False,0.19560386763557744,0.08466557487847358,0.004132015841986181,0.6476943662253111,5,0.0556790574582644,0.028387044895198388,20,0,10,8,20,5,0
2022-09-10,59,PH,Parker-Hannifin Corp,76334,63,False,0.1525664782477048,0.0829427256051215,0.01717573891409548,0.658497553745011,5,0.026206199317888812,0.05529261449808476,20,0,10,8,20,0,5
2022-09-10,60,WM,WASTE MANAGEMENT INC,823768,63,False,0.2491767288693743,0.10127711784061123,0.014784202698116842,0.7550950269787263,5,0.0548033556671943,-0.01751483548851518,20,8,10,0,20,5,0
2022-09-10,61,PEP,"PepsiCo, Inc.",77476,60,False,0.5165271044513001,0.09585524825729169,0.04061984828356405,0.8251621074509888,5,0.057596730560825815,0.1190982489806911,20,0,5,0,20,5,10
2022-09-10,62,TMO,THERMO FISHER SCIENTIFIC INC.,97745,60,False,0.0787913665503329,0.09727049800233761,0.009563133932128567,0.47098865783312516,5,0.07201647112125364,0.10621524682479477,0,0,10,15,20,5,10
2022-09-10,63,IBM,INTERNATIONAL BUSINESS MACHINES CORP,51143,58,False,0.290799534153628,0.10013949433304271,0.02971726942320471,0.8560919993030356,5,-0.07735269824636015,-0.0004348394296682656,20,8,10,0,20,0,0
2022-09-10,64,ROST,"Ross Stores, Inc.",745732,55,False,0.46868770142666877,0.09106400826718031,0.037344989808580864,0.7023479617977845,5,0.07556542303919489,0.06033019922329608,20,0,5,0,20,5,5
2022-09-10,65,CRM,"Salesforce, Inc.",1108524,55,False,0.028988998634867102,0.054507020987467916,0.06376454150910021,0.3894379733008434,5,0.2591240922929232,0.41519463376596133,0,0,0,15,20,10,10
2022-09-10,66,SHW,THE SHERWIN-WILLIAMS COMPANY,89800,55,False,0.6165343915343915,0.09347893665453305,0.01864622231933023,0.8820711579497452,5,0.07411514653738904,0.019189926235315458,20,0,10,0,20,5,0
2022-09-10,67,UNP,UNION PACIFIC CORP,100885,55,False,0.4192294096854012,0.29916529077233533,0.0918730757529411,0.7770798898071626,5,0.00657332076980488,-0.11662683204948532,20,15,0,0,20,0,0
2022-09-10,68,KMI,"KINDER MORGAN, INC.",1506307,51,False,0.0573089834401452,0.1074051776038531,0.060905842829282596,0.5466797318791183,5,0.04923470754036807,0.7669975204361497,0,8,0,8,20,5,10
2022-09-10,69,CAT,CATERPILLAR INC,18230,50,False,0.27605950616021674,0.06339814032121724,0.021562328442691934,0.8231021555763823,5,-0.013447808596544375,-0.06554270375231752,20,0,10,0,20,0,0
2022-09-10,70,RSG,"REPUBLIC SERVICES, INC.",1060391,48,False,0.147789014361958,0.09686416250056298,0.008838026518072268,0.6401963534361851,5,0.02495315210121496,0.002344535306646467,10,0,10,8,20,0,0
2022-09-10,71,T,AT&T INC.,732717,46,False,0.1224432554381793,0.11891818267955277,0.07027625246234258,0.6984674287827534,5,0.012708361374495158,-0.09129062366560192,10,8,0,8,20,0,0
2022-09-10,72,WCN,"Waste Connections, Inc.",1318220,46,False,0.08926019397018142,0.10047321235089275,0.030201281646505623,0.5242461797761675,5,0.07358420399646781,0.01740967405215832,0,8,5,8,20,5,0
2022-09-10,73,F,Ford Motor Co,37996,45,False,0.2778070836473248,0.04929859987429626,0.04751706234472447,0.8721751695009448,5,0.02478671434208879,-0.2228526606742458,20,0,5,0,20,0,0
2022-09-10,74,WMB,"WILLIAMS COMPANIES, INC.",107263,43,False,0.13082097274922386,0.14274960007527995,0.10000587077233027,0.760081492060825,5,0.07253201243203566,-0.08603090598088514,10,8,0,0,20,5,0
2022-09-10,75,TMUS,"T-MOBILE US, INC.",1283699,36,False,0.04498460348392663,0.03774432711750168,0.026259545260501536,0.6654676781417775,2,0.18519639022366574,-0.09639799639015523,0,0,10,8,8,10,0
2022-09-10,76,DIS,WALT DISNEY CO/,1744489,33,False,0.0231793465631826,0.029591503752706992,0.09540140437869199,0.5650830758954664,5,0.051557882142435174,-0.3134587430066422,0,0,0,8,20,5,0
2022-09-10,77,RTX,RTX CORPORATION,101829,28,False,0.053211779854163366,0.06001118220786482,0.07351350512922367,0.5371923868057793,5,0.018494717788903214,-0.04013818262828239,0,0,0,8,20,0,0
2022-09-10,78,OKE,ONEOK INC /NEW/,1039684,27,False,0.09990080979926476,0.07173866064670141,0.034473071585062305,0.7381835258523922,3,-0.010785699445553076,0.14863908243893276,0,0,5,0,12,0,10
2022-09-10,79,DAL,"DELTA AIR LINES, INC.",27904,26,False,0.10330197380557093,0.009364861701060236,0.31908690103050225,0.9463558702162602,4,-0.07727142239521034,-0.4563335923997607,10,0,0,0,16,0,0
2022-09-10,80,JCI,JOHNSON CONTROLS INTERNATIONAL PLC,833444,24,False,0.09351880944899883,0.06916511745817137,0.07171415487390101,0.5807591310575316,4,0.008997606829293625,0.004010569443752443,0,0,0,8,16,0,0
2022-09-10,81,TRGP,TARGA RESOURCES CORP.,1389170,23,False,0.03052060784019547,0.004200639535569741,0.0746772218638077,0.8677161005247169,2,0.17757017379841167,0.07157249696213852,0,0,0,0,8,10,5
2023-09-10,1,FAST,FASTENAL CO,815556,100,True,0.35030779643536275,0.15570294817064437,0.0024901823623836076,0.3045772325550719,5,0.0889079994167048,0.09649681869680093,20,15,10,15,20,10,10
2023-09-10,2,GRMN,GARMIN LTD,1121788,100,True,0.1580687712033747,0.20031434364150588,0.019594521178539683,0.19749015996285169,5,0.09770875077083208,0.08828109756273417,20,15,10,15,20,10,10
2023-09-10,3,MSFT,MICROSOFT CORPORATION,789019,100,True,0.38823923919895914,0.3414623787839464,0.02463848291516823,0.499429578422044,5,0.13915588701778225,0.16531648536401877,20,15,10,15,20,10,10
2023-09-10,4,MPWR,"Monolithic Power Systems, Inc.",1280452,100,True,0.3005383186836994,0.24394420081286494,0.024624317606873593,0.18956036884041605,5,0.3248374022888818,0.42795031946157747,20,15,10,15,20,10,10
2023-09-10,5,SNPS,SYNOPSYS INC,883241,100,True,0.18214902752435466,0.19375890231744616,0.019467122421441958,0.4097325709562887,5,0.1295967131249054,0.22832488290951103,20,15,10,15,20,10,10
2023-09-10,6,TER,"TERADYNE, INC.",97210,100,True,0.28541619047505074,0.22677996668827227,0.025400096117229282,0.2998807283794483,5,0.10701908691345352,0.12181450554024265,20,15,10,15,20,10,10
2023-09-10,7,ADBE,ADOBE INC.,796343,95,True,0.3297282307265668,0.27013518118823127,0.05282997287150289,0.4827535431621572,5,0.18166191057008807,0.16397488115440262,20,15,5,15,20,10,10
2023-09-10,8,GOOGL,Alphabet Inc.,1652044,95,True,0.23621299817440264,0.2120380715326196,0.031478051885014444,0.29874282710587413,5,0.1990769889877595,0.18188520520497575,20,15,5,15,20,10,10
2023-09-10,9,DHR,DANAHER CORPORATION,313616,95,True,0.1513716679440204,0.2290680308855772,0.03592044360560431,0.4062596324836989,5,0.12150848863730723,0.2841516805096742,20,15,5,15,20,10,10
2023-09-10,10,MA,Mastercard Incorporated,1141391,95,True,0.43274772585237137,0.3733525041936257,0.03936204173327768,0.4737396433085241,5,0.131093071432979,0.20805937705108435,20,15,5,15,20,10,10
2023-09-10,11,APH,AMPHENOL CORPORATION,820313,93,False,0.28568210488376283,0.1507011011645409,0.00410274047188956,0.5371259672978299,5,0.11380895251176004,0.12091579843173261,20,15,10,8,20,10,10
2023-09-10,12,LRCX,LAM RESEARCH CORPORATION,707549,93,False,0.6226896047068379,0.25882473298357705,0.01931128450165923,0.5628618859383069,5,0.1591596059454008,0.19780092835496776,20,15,10,8,20,10,10
2023-09-10,13,ANET,"Arista Networks, Inc.",1596532,90,False,0.3051403250297256,0.30868530188459614,0.0676983851181273,0.2788893956232907,5,0.194599336242941,0.42486415847745795,20,15,0,15,20,10,10
2023-09-10,14,REGN,"REGENERON PHARMACEUTICALS, INC.",872589,90,False,0.20941862485760074,0.35639822885261524,0.06813847855823194,0.22422084923582467,5,0.24019366296465883,0.15422195001307082,20,15,0,15,20,10,10
2023-09-10,15,TXN,TEXAS INSTRUMENTS INCORPORATED,97476,90,False,0.6269437477606593,0.43683842620331537,0.035647290488734086,0.46421876722902194,5,0.06134145481742537,0.11900249380946737,20,15,5,15,20,5,10
2023-09-10,16,VRTX,VERTEX PHARMACEUTICALS INC / MA,875320,90,False,0.2766869198382523,0.3719753210834537,0.1452904877402485,0.23349806345690846,5,0.308374257912007,0.12190396841556272,20,15,0,15,20,10,10
2023-09-10,17,ABT,ABBOTT LABORATORIES,1800,88,False,0.19128683368281646,0.15882069960827436,0.031510643917961885,0.5071603213412504,5,0.09307825491488675,0.3080817168436405,20,15,5,8,20,10,10
2023-09-10,18,AMAT,APPLIED MATERIALS INC /DE,6951,88,False,0.5339388732048607,0.2530541012216405,0.03179253664437461,0.5437401781037192,5,0.11462855281783635,0.2105930787573016,20,15,5,8,20,10,10
2023-09-10,19,CTAS,Cintas Corporation,723254,88,False,0.37589955190763424,0.15290895212885003,0.014567311373712971,0.5478791194750137,5,0.06346685796394236,0.11093792221003129,20,15,10,8,20,5,10
2023-09-10,20,MRK,"Merck & Co., Inc.",310158,88,False,0.344971784971785,0.24491000792807383,0.04826420950494147,0.5786826676438256,5,0.08808507438322688,0.23605154029958264,20,15,5,8,20,10,10
2023-09-10,21,PFE,PFIZER INC,78003,88,False,0.3629716189793014,0.3126881291737267,0.057257695752531604,0.5136178088790853,5,0.2520629218956947,0.2950532497892633,20,15,5,8,20,10,10
2023-09-10,22,ACN,Accenture plc,1467373,86,False,0.3303508100565308,0.11165267633103418,0.00625626714582916,0.5322786410369633,5,0.10715633258318857,0.14083648765862566,20,8,10,8,20,10,10
2023-09-10,23,CMG,"CHIPOTLE MEXICAN GRILL, INC.",1058090,86,False,0.38543386554241793,0.1041270684678433,0.02340392763873726,0.6581708216985511,5,0.1542259478970447,0.5022193257586438,20,8,10,8,20,10,10
2023-09-10,24,AAPL,Apple Inc.,320193,85,False,1.7545929220653644,0.2530964070519973,0.020651851177881615,0.8563535598361469,5,0.10384839443037341,0.13788953824822503,20,15,10,0,20,10,10
2023-09-10,25,IDXX,IDEXX LABORATORIES INC /DE,874716,85,False,1.0457747536245052,0.20167022834749493,0.022809084616676883,0.778380385653669,5,0.11061619139869072,0.15847698150972844,20,15,10,0,20,10,10
2023-09-10,26,INTU,INTUIT INC.,896878,85,False,0.14144170869178285,0.16592427616926503,0.03180303318449242,0.3783657307415407,5,0.20636192058017322,0.11238317030526823,10,15,5,15,20,10,10
2023-09-10,27,CVX,Chevron Corp,93410,83,False,0.23774170518419704,0.1440191348699706,0.07050258771257789,0.37820565055935185,5,0.10305310138626433,0.24367996880598808,20,8,0,15,20,10,10
2023-09-10,28,DVN,DEVON ENERGY CORP/DE,1090012,83,False,0.5888687649909442,0.3137878866920549,0.3365413548991056,0.5292356983263775,5,0.21157741982234257,0.18368656319842813,20,15,0,8,20,10,10
2023-09-10,29,PG,The Procter & Gamble Company,80424,83,False,0.31388299809352443,0.17868204765504964,0.05046298001072675,0.6104825828236599,5,0.04915559986315854,0.3925122871337805,20,15,5,8,20,5,10
2023-09-10,30,PH,Parker-Hannifin Corp,76334,81,False,0.21725652896528946,0.10925333358789845,0.01432268963418429,0.6549821068096912,5,0.07416771756341389,0.08115008014141445,20,8,10,8,20,5,10
2023-09-10,31,GWW,"W.W. Grainger, Inc.",277135,81,False,0.7171998145572555,0.10158917783031259,0.014171425277622014,0.6784396415392725,5,0.07932646595874315,0.18596231773929017,20,8,10,8,20,5,10
2023-09-10,32,ADI,"Analog Devices, Inc.",6281,80,False,0.07382862777491672,0.22878073520014602,0.017653452883162675,0.27507714848312254,5,0.1797963951196846,0.16211597923277266,0,15,10,15,20,10,10
2023-09-10,33,KO,COCA COLA CO,21344,80,False,0.4051460597826087,0.2218863361547763,0.022160793375704025,0.7401442385433847,5,0.05816570812948596,0.10354383504068965,20,15,10,0,20,5,10
2023-09-10,34,HEI,HEICO CORPORATION,46619,80,False,0.14444857242668058,0.15924987388614523,0.009544810581726227,0.27337079562524297,5,0.05572230933244304,0.07922700160046148,10,15,10,15,20,5,5
2023-09-10,35,ISRG,"Intuitive Surgical, Inc.",1035267,80,False,0.11526827354748725,0.2125132589759249,0.03822214923230756,0.14347155850161863,5,0.13691433574190204,0.04055454457244956,10,15,5,15,20,10,5
2023-09-10,36,KLAC,KLA CORP,319201,80,False,1.5677831406048084,0.3227190289381078,0.052349455387417344,0.7925185525068758,5,0.2311289009255313,0.3028553897005002,20,15,5,0,20,10,10
2023-09-10,37,META,"Meta Platforms, Inc.",1326801,80,False,0.18516153747924913,0.19895548371051977,0.06842417419121043,0.3231301857026711,5,0.20212756068098603,0.012080342738393757,20,15,0,15,20,10,0
2023-09-10,38,FIX,"COMFORT SYSTEMS USA, INC.",1035983,78,False,0.2724285537849422,0.059402265114854635,0.005393948123893485,0.6150408203649848,5,0.1735516684999976,0.2148817605580866,20,0,10,8,20,10,10
2023-09-10,39,COST,COSTCO WHOLESALE CORP /NEW,909832,78,False,0.30592053604145947,0.025749711395260715,0.0013085358997930437,0.6782252283140604,5,0.12521898449841995,0.168564809719,20,0,10,8,20,10,10
2023-09-10,40,WCN,"Waste Connections, Inc.",1318220,76,False,0.11855349364957359,0.11587331366295431,0.02870674562756549,0.5848375360666366,5,0.10015948929760632,0.11182501249110999,10,8,10,8,20,10,10
2023-09-10,41,PAYX,"Paychex, Inc.",723531,75,False,0.37889122807017545,0.24634983209227623,0.0015148646907949927,0.7239273289524546,5,0.07073434222209984,0.06978085501850995,20,15,10,0,20,5,5
2023-09-10,42,CSCO,"CISCO SYSTEMS, INC.",858877,73,False,0.2998597342082115,0.2212884662619741,0.0058154946243652505,0.5645348152220869,5,0.023681128579837507,0.02068967979404035,20,15,10,8,20,0,0
2023-09-10,43,DE,DEERE & CO,315189,73,False,0.3685938024965756,0.13562964794491889,0.03054598880807082,0.7738864822836832,5,0.08918849695206821,0.3173227272468655,20,8,5,0,20,10,10
2023-09-10,44,RSG,"REPUBLIC SERVICES, INC.",1060391,73,False,0.1593993002909204,0.09508318898568881,0.005934635716207357,0.6666081527145311,5,0.07083472151162828,0.09442627592753383,20,0,10,8,20,5,10
2023-09-10,45,BMY,BRISTOL-MYERS SQUIBB COMPANY,14272,71,False,0.18884594146880176,0.13706969388418294,0.1517488742859623,0.6785994629208841,5,0.19598163681218272,0.06489842062235085,20,8,0,8,20,10,5
2023-09-10,46,MU,"Micron Technology, Inc.",723125,70,False,0.18514492753623188,0.28243058716431496,0.11185290502203393,0.24706184089434696,5,0.0030054099834959658,-0.11459187666816739,20,15,0,15,20,0,0
2023-09-10,47,UNP,UNION PACIFIC CORP,100885,70,False,0.5316821151800638,0.2813266331658291,0.012514702811581976,0.8141606441656862,5,0.021656220032800322,0.040693093210850906,20,15,10,0,20,0,5
2023-09-10,48,NFLX,NETFLIX INC,1065280,69,False,0.24528173461896555,0.14207957792921522,0.03443741167467364,0.5724354317320746,2,0.18945990673488367,0.3877152775276371,20,8,5,8,8,10,10
2023-09-10,49,GILD,"GILEAD SCIENCES, INC.",882095,68,False,0.21706965421068802,0.1683222755764085,0.09061647701121076,0.6637697677731871,5,0.05374235653892434,-0.04214056570183633,20,15,0,8,20,5,0
2023-09-10,50,ROK,"Rockwell Automation, Inc.",1024478,68,False,0.3644823271817329,0.12012267408896449,0.04082643359179172,0.7466608419232807,5,0.03873484231294633,0.14864917728738947,20,8,5,0,20,5,10
2023-09-10,51,WM,WASTE MANAGEMENT INC,823768,68,False,0.3203320689901954,0.11361559549192811,0.010894904401656337,0.7811712946727453,5,0.07203014721633116,0.03838244451128947,20,8,10,0,20,5,5
2023-09-10,52,SLB,SLB LIMITED/NV,87347,66,False,0.21052953592951756,0.12249474920793137,0.23349130090513198,0.5829604729338125,5,-0.038113791693382804,0.1263393136037423,20,8,0,8,20,0,10
2023-09-10,53,MCO,MOODY'S CORPORATION,1059556,65,False,0.5238276782310332,0.2512801755669349,0.03573148819953962,0.8126001811972959,5,0.05326595880690865,0.011996147608211105,20,15,5,0,20,5,0
2023-09-10,54,SHW,THE SHERWIN-WILLIAMS COMPANY,89800,65,False,0.7293701370209232,0.09120543232395288,0.015251297124343055,0.8627024873860317,5,0.06014359535818592,0.16182229255254765,20,0,10,0,20,5,10
2023-09-10,55,WAB,WESTINGHOUSE AIR BRAKE TECHNOLOGIES CORPORATION,943452,65,False,0.06235531694823425,0.07569959339870844,0.01301758783765297,0.45198747029596026,5,0.1765727771796175,0.21040925122994958,0,0,10,15,20,10,10
2023-09-10,56,MPC,Marathon Petroleum Corporation,1510295,64,False,0.5384173142189499,0.08180194192264995,0.08184332798170407,0.6097281544758854,4,0.19822314521280537,0.5116475374216405,20,0,0,8,16,10,10
2023-09-10,57,WMT,WALMART INC.,104169,63,False,0.14604929163592711,0.01910716535059522,0.005266451487366145,0.6846466033709298,5,0.04408378218345965,0.15034802769359645,10,0,10,8,20,5,10
2023-09-10,58,ETN,EATON CORPORATION plc,1551182,61,False,0.14720038264924815,0.11863916730917502,0.013186869347834118,0.5133946421431428,5,-0.010065813900134502,0.03505919554546977,10,8,10,8,20,0,5
2023-09-10,59,AMGN,Amgen Inc.,318154,60,False,1.2647427854454203,0.24890779926300194,0.04860391437777106,0.943781575835752,5,0.026081028475970713,-0.06005762105361756,20,15,5,0,20,0,0
2023-09-10,60,LMT,LOCKHEED MARTIN CORPORATION,936468,60,False,0.566823238566131,0.08686954413191077,0.006741383329679135,0.8247730711043872,5,0.05254532272910928,0.032380359886071686,20,0,10,0,20,5,5
2023-09-10,61,TMO,THERMO FISHER SCIENTIFIC INC.,97745,60,False,0.0787913665503329,0.09727049800233761,0.009563133932128567,0.47098865783312516,5,0.07201647112125364,0.10621524682479477,0,0,10,15,20,5,10
2023-09-10,62,GD,GENERAL DYNAMICS CORPORATION,40533,58,False,0.1872462647408103,0.08602532544979319,0.003173426498444753,0.6400504022487157,5,0.021497240530838457,0.003346393668237191,20,0,10,8,20,0,0
2023-09-10,63,PEP,"PepsiCo, Inc.",77476,58,False,0.5368763557483731,0.10313454949532364,0.0367499926769876,0.8126308481673121,5,0.07512207181579988,-0.08143115265150758,20,8,5,0,20,5,0
2023-09-10,64,ROST,"Ross Stores, Inc.",745732,58,False,0.36222480973831284,0.08087584669286395,0.036551199945593804,0.6803492097730974,5,0.0568967602690138,-0.012094509059962344,20,0,5,8,20,5,0
2023-09-10,65,KMI,"KINDER MORGAN, INC.",1506307,56,False,0.08277430358158044,0.13270833333333334,0.05202744384791298,0.5417392048859841,5,0.07939958128161506,0.12178814188822962,0,8,5,8,20,5,10
2023-09-10,66,CL,COLGATE-PALMOLIVE COMPANY,21665,55,False,3.5346534653465347,0.09934880614459843,0.023534991624699225,0.9487635878202276,5,0.036879277643118824,-0.07133998926786078,20,0,10,0,20,5,0
2023-09-10,67,TRGP,TARGA RESOURCES CORP.,1389170,52,False,0.5111704970603955,0.05711951380328527,0.08331138433560756,0.8637167689161555,3,0.18866511313918966,4.2282626804073535,20,0,0,0,12,10,10
2023-09-10,68,AMD,ADVANCED MICRO DEVICES INC,2488,51,False,0.04241168249072244,0.055929833481632135,0.08602652414644671,0.18984906777153004,4,0.38172831688715325,0.4068118167325685,0,0,0,15,16,10,10
2023-09-10,69,CAT,CATERPILLAR INC,18230,50,False,0.27605950616021674,0.06339814032121724,0.021562328442691934,0.8231021555763823,5,-0.013447808596544375,-0.06554270375231752,20,0,10,0,20,0,0
2023-09-10,70,PYPL,"PayPal Holdings, Inc.",1633917,50,False,0.11518773362538987,0.08790609782687696,0.03577406915100579,0.7421398046398047,5,0.1552209824380777,0.04135880666793734,10,0,5,0,20,10,5
2023-09-10,71,F,Ford Motor Co,37996,45,False,0.2778070836473248,0.04929859987429626,0.04751706234472447,0.8721751695009448,5,0.02478671434208879,-0.2228526606742458,20,0,5,0,20,0,0
2023-09-10,72,CRM,"Salesforce, Inc.",1108524,45,False,0.0035711219847197185,0.006634345496300076,0.06803229502925481,0.40961466479175307,5,0.23951116664580052,-0.3420618201401133,0,0,0,15,20,10,0
2023-09-10,73,TMUS,"T-MOBILE US, INC.",1283699,40,False,0.03733118090488476,0.032549546945495215,0.01718853232275432,0.6704047544691442,3,0.1642376992145329,-0.026859283841973336,0,0,10,8,12,10,0
2023-09-10,74,CMCSA,COMCAST CORPORATION,1166691,38,False,0.06066597000593103,0.04422410172366936,0.030107824121725316,0.6853833446701001,5,0.06466461953810132,-0.17745472354890224,0,0,5,8,20,5,0
2023-09-10,75,RTX,RTX CORPORATION,101829,38,False,0.07133836650652024,0.07748158750037272,0.07354058621191002,0.5328457045019639,5,0.17910655585340307,-0.0034338545900810535,0,0,0,8,20,10,0
2023-09-10,76,DIS,WALT DISNEY CO/,1744489,38,False,0.034266538099051544,0.03801890669954788,0.09300480239408215,0.5334305680372832,5,0.08616678145841505,-0.2931459324855237,0,0,0,8,20,10,0
2023-09-10,77,DAL,"DELTA AIR LINES, INC.",27904,37,False,0.25179100200592225,0.026056700011861927,0.31430702052637927,0.9089475431606906,3,0.03290498437445022,-0.23924876092149927,20,0,0,0,12,5,0
2023-09-10,78,HWM,HOWMET AEROSPACE INC.,4281,36,False,0.13194542129694753,0.08281829419035847,0.01748180628763991,0.6488542174549,2,-0.04393757649899854,-0.07549459688814897,10,0,10,8,8,0,0
2023-09-10,79,JCI,JOHNSON CONTROLS INTERNATIONAL PLC,833444,28,False,0.09057049955660657,0.06055575319182576,0.07262453084608794,0.6141183168081977,5,0.019698720620122234,-0.08251120528681521,0,0,0,8,20,0,0
2023-09-10,80,OKE,ONEOK INC /NEW/,1039684,27,False,0.09990080979926476,0.07173866064670141,0.034473071585062305,0.7381835258523922,3,-0.010785699445553076,0.14863908243893276,0,0,5,0,12,0,10
2023-09-10,81,IBM,INTERNATIONAL BUSINESS MACHINES CORP,51143,25,False,0.08025462112865712,0.027077482240211465,0.043434940576385854,0.8269374346722413,5,-0.06615095680766536,-0.3417118247286508,0,0,5,0,20,0,0
2024-09-10,1,APH,AMPHENOL CORPORATION,820313,100,True,0.2510073492556356,0.1535679864911149,0.005423251699879134,0.49011884015877627,5,0.11150732260980334,0.13666179086172336,20,15,10,15,20,10,10
2024-09-10,2,AMAT,APPLIED MATERIALS INC /DE,6951,100,True,0.480397996006026,0.2585511181506204,0.02947406722415039,0.46796186013212276,5,0.1607358741132756,0.2616408843496387,20,15,10,15,20,10,10
2024-09-10,3,FAST,FASTENAL CO,815556,100,True,0.3547297297297297,0.15721344277022337,0.0030943732905822055,0.24963588697931838,5,0.08334287237144933,0.09929715034870945,20,15,10,15,20,10,10
2024-09-10,4,INTU,INTUIT INC.,896878,100,True,0.16597115249964992,0.18194657660423702,0.029130413779229654,0.42624175276982446,5,0.20675963175758816,0.12864592936995933,20,15,10,15,20,10,10
2024-09-10,5,MSFT,MICROSOFT CORPORATION,789019,100,True,0.3713334737729092,0.35955972944084985,0.021339388613526487,0.47579774407756903,5,0.14419534154650138,0.18777445024978623,20,15,10,15,20,10,10
2024-09-10,6,MPWR,"Monolithic Power Systems, Inc.",1280452,100,True,0.2298611202619522,0.2346826484620048,0.026199863593732917,0.157912184469549,5,0.3049850226614623,0.40768631532560784,20,15,10,15,20,10,10
2024-09-10,7,SNPS,SYNOPSYS INC,883241,100,True,0.21090363029925407,0.21050285839278585,0.017199055503379065,0.4015075391960094,5,0.14827166712370277,0.23285956604672386,20,15,10,15,20,10,10
2024-09-10,8,ADBE,ADOBE INC.,796343,95,True,0.35513101508063727,0.2796640733680251,0.053461022940205834,0.4453138117465328,5,0.14809487172411417,0.1645755216254372,20,15,5,15,20,10,10
2024-09-10,9,GOOGL,Alphabet Inc.,1652044,95,True,0.2735564563512584,0.24006649446638517,0.03127108704221285,0.29576383228294795,5,0.17392668522268018,0.21072964628251767,20,15,5,15,20,10,10
2024-09-10,10,ANET,"Arista Networks, Inc.",1596532,95,True,0.3448726748941481,0.35618791133633027,0.034788062155001805,0.2742334574535786,5,0.24865210731209642,0.2482152669365154,20,15,5,15,20,10,10
2024-09-10,11,GRMN,GARMIN LTD,1121788,95,False,0.19515692624315245,0.24666676357604797,0.019595327708572693,0.18498241834289933,5,0.08608605186608353,0.0787036213822272,20,15,10,15,20,10,5
2024-09-10,12,MA,Mastercard Incorporated,1141391,95,False,0.43274772585237137,0.3733525041936257,0.03936204173327768,0.4737396433085241,5,0.131093071432979,0.20805937705108435,20,15,5,15,20,10,10
2024-09-10,13,META,"Meta Platforms, Inc.",1326801,95,False,0.2803919951520541,0.28982520644616094,0.051549377281693703,0.33295880639134584,5,0.17531519469585843,0.20596241233334012,20,15,5,15,20,10,10
2024-09-10,14,VRTX,VERTEX PHARMACEUTICALS INC / MA,875320,95,False,0.22986622466508536,0.36675718396627893,0.0537754888596008,0.22656201881197702,5,0.24086376019576305,0.3243094556637587,20,15,5,15,20,10,10
2024-09-10,15,ACN,Accenture plc,1467373,93,False,0.28751924519826133,0.10718093853162163,0.0034409563788323993,0.4986303818466882,5,0.10363569238103687,0.09503244255201015,20,8,10,15,20,10,10
2024-09-10,16,IDXX,IDEXX LABORATORIES INC /DE,874716,93,False,0.8073905526624172,0.23082568937650935,0.02014973578952605,0.5446122226738345,5,0.11053861897706652,0.18557677792076688,20,15,10,8,20,10,10
2024-09-10,17,LRCX,LAM RESEARCH CORPORATION,707549,93,False,0.45705760833107556,0.2568046208263241,0.015934670357159113,0.5444343604239016,5,0.10370033684058866,0.1418428264437006,20,15,10,8,20,10,10
2024-09-10,18,REGN,"REGENERON PHARMACEUTICALS, INC.",872589,90,False,0.16257548250204062,0.3014057878205715,0.07229835961563032,0.21484452935592893,5,0.18925244939013353,0.16917502254835926,20,15,0,15,20,10,10
2024-09-10,19,ABT,ABBOTT LABORATORIES,1800,88,False,0.15202752062054217,0.14268618015906653,0.01799793790804878,0.4727374545851886,5,0.058885922133531166,0.11618877853118326,20,8,10,15,20,5,10
2024-09-10,20,CTAS,Cintas Corporation,723254,88,False,0.38423550656340466,0.163765244307498,0.014006174235001419,0.5292334878098233,5,0.07880441575412678,0.15732234951388913,20,15,10,8,20,5,10
2024-09-10,21,CMG,"CHIPOTLE MEXICAN GRILL, INC.",1058090,86,False,0.45255431169582133,0.12447130160320732,0.02468711799578238,0.6193350075493868,5,0.15296207353465419,0.36866991405173244,20,8,10,8,20,10,10
2024-09-10,22,PH,Parker-Hannifin Corp,76334,86,False,0.2539606926423934,0.14271305714724114,0.022035390973363458,0.587652462594344,5,0.09832291998425502,0.2402727403901379,20,8,10,8,20,10,10
2024-09-10,23,RSG,"REPUBLIC SERVICES, INC.",1060391,86,False,0.1711448811813153,0.10018027976641761,0.007080209464401965,0.6643659205160124,5,0.09106373946811375,0.12692356378273972,20,8,10,8,20,10,10
2024-09-10,24,GWW,"W.W. Grainger, Inc.",277135,86,False,0.6585058505850585,0.11099648015535866,0.01885944237625543,0.6176506689578987,5,0.09441974969507316,0.21150860682391848,20,8,10,8,20,10,10
2024-09-10,25,AAPL,Apple Inc.,320193,85,False,1.7194951160275842,0.2530623426432028,0.021795243611811267,0.8237407929480435,5,0.10170287389225408,0.15104545965347493,20,15,10,0,20,10,10
2024-09-10,26,NFLX,NETFLIX INC,1065280,85,False,0.26147209739931,0.16036362043723068,0.029929497372010904,0.5775195686644617,3,0.13731040285387586,0.3046012056223153,20,15,10,8,12,10,10
2024-09-10,27,TXN,TEXAS INSTRUMENTS INCORPORATED,97476,85,False,0.4136747791828176,0.37159655231462985,0.03255555271593876,0.4776493137133671,5,0.0505457207036637,0.0672943782701374,20,15,5,15,20,5,5
2024-09-10,28,BMY,BRISTOL-MYERS SQUIBB COMPANY,14272,83,False,0.26532872658742623,0.17830955872550328,0.14548322983935214,0.6901501697159491,5,0.1454349818132985,0.23595658670244468,20,15,0,8,20,10,10
2024-09-10,29,ROK,"Rockwell Automation, Inc.",1024478,83,False,0.44134113754930654,0.15316846986089644,0.03177154244786071,0.6849256900212314,5,0.07850876071491131,0.18830880859693266,20,15,5,8,20,5,10
2024-09-10,30,NOW,"ServiceNow, Inc.",1373715,83,False,0.2734597156398104,0.19295507747185375,0.0739729373180229,0.5612814171507448,5,0.26894029767597694,0.2891685134257913,20,15,0,8,20,10,10
2024-09-10,31,PG,The Procter & Gamble Company,80424,83,False,0.30658122475892197,0.17704875117504967,0.003914160298960373,0.5868350085805344,5,0.04323492807951923,0.033790013801505925,20,15,10,8,20,5,5
2024-09-10,32,ADI,"Analog Devices, Inc.",6281,80,False,0.09203272310756931,0.2693566693827877,0.025494640353849102,0.2711240398964817,5,0.19715160583804114,0.2487694151052664,0,15,10,15,20,10,10
2024-09-10,33,DE,DEERE & CO,315189,80,False,0.48355411801079745,0.1659728004440744,0.03402501701203798,0.7897335882482923,5,0.11762537396105754,0.32958623573869517,20,15,5,0,20,10,10
2024-09-10,34,ISRG,"Intuitive Surgical, Inc.",1035267,80,False,0.1476827039569601,0.25238275712019764,0.035590056512710064,0.13238351196451123,5,0.12305068506153694,0.06852020254536018,10,15,5,15,20,10,5
2024-09-10,35,KLAC,KLA CORP,319201,80,False,0.8784543328878874,0.2814743656575298,0.05016759422422905,0.7817530958172596,5,0.14015771818784706,0.22743461993180447,20,15,5,0,20,10,10
2024-09-10,36,MSI,"Motorola Solutions, Inc.",68505,80,False,4.069047619047619,0.17127680897975547,0.021157906707612327,0.9457108578284343,5,0.06055431355479146,0.18455596598243917,20,15,10,0,20,5,10
2024-09-10,37,TER,"TERADYNE, INC.",97210,80,False,0.1803233992828485,0.16767639478114918,0.03696111535809051,0.2755880422986649,5,0.03917717888767802,-0.010163127955131412,20,15,5,15,20,5,0
2024-09-10,38,FIX,"COMFORT SYSTEMS USA, INC.",1035983,78,False,0.28396243313582864,0.062111178544814814,0.007082924255402577,0.6134326240576916,5,0.18785236403178196,0.29688055795505797,20,0,10,8,20,10,10
2024-09-10,39,COST,COSTCO WHOLESALE CORP /NEW,909832,78,False,0.27536105032822755,0.025968880267448098,0.0008808683189645467,0.6368089978838739,5,0.12233363955613408,0.14513470318508714,20,0,10,8,20,10,10
2024-09-10,40,ETN,EATON CORPORATION plc,1551182,76,False,0.17841104396518268,0.13873081565787204,0.01953550482589966,0.5046835970024979,5,0.020470792138671756,0.09837167394963164,20,8,10,8,20,0,10
2024-09-10,41,ADSK,"Autodesk, Inc.",769397,75,False,0.604,0.16481717300345644,0.08509199765486179,0.8128531073446328,5,0.13828710817067824,0.4335908661050294,20,15,0,0,20,10,10
2024-09-10,42,KO,COCA COLA CO,21344,75,False,0.4281660871997762,0.23416531887922368,0.009954104710074173,0.7344912643419342,5,0.05263806824057338,0.04687950333660851,20,15,10,0,20,5,5
2024-09-10,43,PAYX,"Paychex, Inc.",723531,75,False,0.37889122807017545,0.24634983209227623,0.0015148646907949927,0.7239273289524546,5,0.07073434222209984,0.06978085501850995,20,15,10,0,20,5,5
2024-09-10,44,CSCO,"CISCO SYSTEMS, INC.",858877,73,False,0.22981850573432802,0.1918108655651172,0.013614336441609799,0.6346282140933825,5,0.022086591532322064,-0.02055560249604671,20,15,10,8,20,0,0
2024-09-10,45,CVX,Chevron Corp,93410,73,False,0.13345657462083008,0.1063404147320962,0.07232856189821846,0.38108106042074363,5,0.08218173318737665,0.6441888839438679,10,8,0,15,20,10,10
2024-09-10,46,JNJ,Johnson & Johnson,200406,73,False,0.48294385140611906,0.41279254101151963,0.08582798117418655,0.5895510808197758,5,0.009313502396937956,0.2348375624277741,20,15,0,8,20,0,10
2024-09-10,47,PYPL,"PayPal Holdings, Inc.",1633917,73,False,0.2054930429522081,0.14262201471230393,0.035401244032634,0.7437991383297228,5,0.13766469145928117,0.14631866864815146,20,8,5,0,20,10,10
2024-09-10,48,SHW,THE SHERWIN-WILLIAMS COMPANY,89800,73,False,0.7007436307367371,0.10362703291268832,0.008865826220886079,0.8381225385982644,5,0.06526724051026278,0.11576607626671698,20,8,10,0,20,5,10
2024-09-10,49,WM,WASTE MANAGEMENT INC,823768,73,False,0.33507853403141363,0.11279741505923822,0.006110169362160465,0.7899034213813484,5,0.07220685511294622,0.08378091981624736,20,8,10,0,20,5,10
2024-09-10,50,TMUS,"T-MOBILE US, INC.",1283699,72,False,0.12379159193575995,0.10587082155859365,0.02783778228668823,0.688393794358683,4,0.14947439524482808,0.24443410007688526,10,8,10,8,16,10,10
2024-09-10,51,HEI,HEICO CORPORATION,46619,71,False,0.1403292101657629,0.13597766925361468,0.012848385611767236,0.5055000908261679,5,0.09618203542244963,0.053301453884434524,10,8,10,8,20,10,5
2024-09-10,52,AMZN,AMAZON COM INC,1018724,70,False,0.1748975333268184,0.05293283575597832,0.025957354511736395,0.6175552330758126,3,0.1964226461151819,0.27293294033812776,20,0,10,8,12,10,10
2024-09-10,53,DHR,DANAHER CORPORATION,313616,70,False,0.09199752819403677,0.19941398074508163,0.04498031228650064,0.36693968374206987,5,0.07466741038717184,0.12182077958469639,0,15,5,15,20,5,10
2024-09-10,54,MCO,MOODY'S CORPORATION,1059556,70,False,0.5506253212266575,0.2716362407031778,0.03823880473478891,0.7622760224319518,5,0.052065405055905734,0.03104844144480312,20,15,5,0,20,5,5
2024-09-10,55,SYY,Sysco Corporation,96021,70,False,1.0105970535021969,0.024795799299883313,0.007978706949890042,0.9253521692017498,5,0.10494834548155363,0.7355513514310181,20,0,10,0,20,10,10
2024-09-10,56,WMB,"WILLIAMS COMPANIES, INC.",107263,70,False,0.26616988320006696,0.29146419730448336,0.08788447433128531,0.7643414977103008,5,0.07388957231093007,0.3906501934639681,20,15,0,0,20,5,10
2024-09-10,57,GILD,"GILEAD SCIENCES, INC.",882095,68,False,0.25707349170694077,0.20891724443133206,0.08602214646479815,0.632466800804829,5,0.04835206823041238,0.01270601916899139,20,15,0,8,20,5,0
2024-09-10,58,HWM,HOWMET AEROSPACE INC.,4281,68,False,0.20031421838177532,0.11521084337349398,0.024148968429276458,0.6128691983122363,3,-0.016537009914332046,0.1295121171768645,20,8,10,8,12,0,10
2024-09-10,59,CMCSA,COMCAST CORPORATION,1166691,66,False,0.1880644806472508,0.126575198236436,0.030476024556455747,0.6876904660304897,5,0.027802226998080437,0.04192076494054797,20,8,5,8,20,0,5
2024-09-10,60,AMGN,Amgen Inc.,318154,65,False,1.3579298493884564,0.23827598439162823,0.039576947579309345,0.935854416699261,5,0.04808441738861169,-0.0379732955482438,20,15,5,0,20,5,0
2024-09-10,61,PEP,"PepsiCo, Inc.",77476,65,False,0.5090317513743969,0.09920083961036831,0.004349805285660389,0.8145479874620628,5,0.08029301557995683,0.05538509088028576,20,0,10,0,20,10,5
2024-09-10,62,HD,"The Home Depot, Inc.",354950,65,False,11.621642363775901,0.09918844035134834,0.004725691730020445,0.986358290866327,5,0.08484499168738147,0.077313458448929,20,0,10,0,20,10,5
2024-09-10,63,UNP,UNION PACIFIC CORP,100885,65,False,0.47337761122036287,0.2644802852522907,0.011722783452584873,0.7797175713519633,5,0.026679454433795602,0.01888710426137874,20,15,10,0,20,0,0
2024-09-10,64,CL,COLGATE-PALMOLIVE COMPANY,21665,63,False,4.554455445544554,0.1182093847972452,0.023095043521452068,0.941621423778442,5,0.055218692967301086,-0.007152847638733251,20,8,10,0,20,5,0
2024-09-10,65,CVS,CVS HEALTH CORPORATION,64803,63,False,0.11281011289123234,0.023321855015428647,0.005166453729242026,0.6931221168631471,5,0.0864611311262593,0.05900913674632147,10,0,10,8,20,10,5
2024-09-10,66,LMT,LOCKHEED MARTIN CORPORATION,936468,63,False,0.8595739395068629,0.1024107975314854,0.006883668773787441,0.8697003202684155,5,0.030962824630190733,0.026607687274758485,20,8,10,0,20,5,0
2024-09-10,67,ROST,"Ross Stores, Inc.",745732,63,False,0.4092879088645968,0.09199221806648997,0.034773635265365775,0.6593504287275013,5,0.06167094233032677,0.030706032729441057,20,0,5,8,20,5,5
2024-09-10,68,CRM,"Salesforce, Inc.",1108524,63,False,0.07009872463031228,0.11865622400091803,0.07094730469670574,0.40248239383709167,5,0.1949126901355558,1.3936050708737215,0,8,0,15,20,10,10
2024-09-10,69,WMT,WALMART INC.,104169,63,False,0.1932184810095046,0.023932111861137896,0.002942741260879687,0.6677443254529535,5,0.054603798374426527,0.01041996822178426,20,0,10,8,20,5,0
2024-09-10,70,WCN,"Waste Connections, Inc.",1318220,63,False,0.10307058598830511,0.09508908743022738,0.02749463598089186,0.5703374481939929,5,0.104585715899981,0.07705370053394178,10,0,10,8,20,10,5
2024-09-10,71,ORCL,Oracle Corporation,1341439,60,False,2.1411475912856703,0.19763599629916354,0.06710724041832034,0.9382589944387697,5,0.07903057145320314,0.008090722160112529,20,15,0,0,20,5,0
2024-09-10,72,TMO,THERMO FISHER SCIENTIFIC INC.,97745,60,False,0.0787913665503329,0.09727049800233761,0.009563133932128567,0.47098865783312516,5,0.07201647112125364,0.10621524682479477,0,0,10,15,20,5,10
2024-09-10,73,WAB,WESTINGHOUSE AIR BRAKE TECHNOLOGIES CORPORATION,943452,60,False,0.07916848802758755,0.0842203162137026,0.01586965262050607,0.44575521381925426,5,0.042273563067030784,0.256470984714807,0,0,10,15,20,5,10
2024-09-10,74,MPC,Marathon Petroleum Corporation,1510295,59,False,0.37149599953951534,0.06524508185120535,0.08421195858507795,0.6348401502552712,4,0.07489909406183748,0.3842117216851051,20,0,0,8,16,5,10
2024-09-10,75,GD,GENERAL DYNAMICS CORPORATION,40533,58,False,0.16630295733313266,0.07842070401211204,0.003354073293165637,0.611403028644408,5,0.018068534311976192,-0.012353914868920901,20,0,10,8,20,0,0
2024-09-10,76,AMD,ADVANCED MICRO DEVICES INC,2488,55,False,0.01543717575604201,0.037654320987654324,0.08849807296581906,0.17666642115342124,5,0.35484890577062145,0.25798618830262265,0,0,0,15,20,10,10
2024-09-10,77,IBM,INTERNATIONAL BUSINESS MACHINES CORP,51143,53,False,0.33734289632843945,0.12127384416424183,0.04417656221471085,0.83279478856264,5,0.01749476892383095,-0.05560250001684164,20,8,5,0,20,0,0
2024-09-10,78,KMI,"KINDER MORGAN, INC.",1506307,53,False,0.07833180448171931,0.15592800313029867,0.055881926089770786,0.5532385243593354,5,0.03799767247449837,0.022195266008444348,0,15,5,8,20,5,0
2024-09-10,79,CAT,CATERPILLAR INC,18230,50,False,0.27605950616021674,0.06339814032121724,0.021562328442691934,0.8231021555763823,5,-0.013447808596544375,-0.06554270375231752,20,0,10,0,20,0,0
2024-09-10,80,F,Ford Motor Co,37996,46,False,0.10107539382665814,0.024672088812708937,0.04990667066077723,0.8434085836595807,4,0.05159198144855637,0.3708277797940187,10,0,5,0,16,5,10
2024-09-10,81,T,AT&T INC.,732717,38,False,0.1434284376758617,0.11762015225275264,0.08624339711968727,0.7462364270623495,5,-0.09336008549599273,0.008819555706991444,10,8,0,0,20,0,0
2024-09-10,82,JCI,JOHNSON CONTROLS INTERNATIONAL PLC,833444,38,False,0.11269923505927529,0.06901056246034412,0.0735449309612454,0.6083282041570002,5,0.028246848295566673,-0.24445228770601957,10,0,0,8,20,0,0
2024-09-10,83,MRK,"Merck & Co., Inc.",310158,38,False,0.008734983008663188,0.006071695916160692,0.09704252389522178,0.6477056479962503,5,0.11337951366902965,-0.5611750168385716,0,0,0,8,20,10,0
2024-09-10,84,PFE,PFIZER INC,78003,38,False,0.02294842290510356,0.03622469912472648,0.11914879510671683,0.6057942349040402,5,0.09354697403113521,-0.39698730597016196,0,0,0,8,20,10,0
2024-09-10,85,RTX,RTX CORPORATION,101829,38,False,0.04825190666767349,0.046358096343586765,0.0610655545888415,0.620402918409331,5,0.11031035074949869,-0.12843639864281786,0,0,0,8,20,10,0
2024-09-10,86,DAL,"DELTA AIR LINES, INC.",27904,37,False,0.521173743427376,0.07939980705622933,0.313229669437719,0.8492069958177176,3,0.054159146837784,-0.008391161631468913,20,0,0,0,12,5,0
2024-09-10,87,DIS,WALT DISNEY CO/,1744489,33,False,0.024232442031036878,0.02647978582195325,0.06544585364193953,0.5170858891229162,5,0.06306487438318298,-0.32068414723436345,0,0,0,8,20,5,0
2024-09-10,88,OKE,ONEOK INC /NEW/,1039684,27,False,0.09989590797126828,0.07173866064670141,0.034473071585062305,0.7381574412552775,3,-0.010785699445553076,0.14863908243893276,0,0,5,0,12,0,10
